taxa,Env,DON_ppm,Vibe,Manual,Visual,NIR
X13VTK429.3,FSC19,22.92,14.22,7.5,10,75
X13VTK429.3,FSC19,20.64,15.48,6.5,20,67
X13VTK429.3,FSC19,15.8,9.78,4.7,10,56
X13VTK429.3,FSC20,NA,NA,4.1,10,50
X13VTK429.3,FSC20,NA,NA,NA,10,45
X13VTK429.3,WLA20,NA,1.51,1.905717151,1,59
X13VTK429.3,WLA20,NA,1.32,1.098901099,1,49
X13VTK429.3,WVA19,7.68,25.21,14.29,40,59
X13VTK429.3,WVA19,5.36,22.1,16.13,25,63
X13VTK434.89,FSC19,0.4,3.72,0,0,35
X13VTK434.89,WVA19,4.08,11.29,7.56,15,47
X13VTK434.89,WVA19,2.76,11.42,4.3,5,48
X14VDH.SRW14.150,FSC20,NA,NA,NA,35,32
X14VDH.SRW14.150,WLA20,NA,10.59,11.22244489,15,64
X14VDH.SRW14.150,WLA20,NA,7.24,13.23971916,40,68
X15VDH.FHB.MAS17.23,FSC20,NA,NA,4.61,5,46
X15VDH.FHB.MAS17.23,FSC20,NA,NA,3.55,5,44
X15VDH.FHB.MAS22.14,FSC19,8.92,19.84,5.2,15,46
X15VDH.FHB.MAS22.14,FSC19,4.6,9.05,1.8,5,31
X15VDH.FHB.MAS22.14,FSC20,NA,NA,0.51,5,41
X15VDH.FHB.MAS22.14,FSC20,NA,NA,1.81,5,36
X15VDH.FHB.MAS22.15,FSC19,15,36.77,8.1,25,45
X15VDH.FHB.MAS22.15,FSC19,13.48,30.58,10.5,15,59
X15VDH.FHB.MAS33.13,FSC20,NA,NA,NA,0,28
X15VDH.FHB.MAS33.13,WLA20,NA,5.8,6.633165829,10,48
X15VDH.FHB.MAS33.13,WLA20,NA,4.06,3.803803804,5,53
X15VDH.FHB.MAS33.30,FSC19,10,19.45,6.2,10,49
X15VDH.FHB.MAS33.30,FSC19,9.36,18.74,3.8,10,42
X15VDH.FHB.MAS33.30,FSC19,8.76,5.76,4.5,10,57
X15VDH.FHB.MAS33.30,WVA19,4.96,23.56,14.99,10,61
X15VDH.FHB.MAS33.30,WVA19,1.96,9.93,5.1,15,47
X15VDH.FHB.MAS34.18,FSC20,NA,NA,1.82,5,45
X15VDH.FHB.MAS34.18,FSC20,NA,NA,2.41,5,42
X15VDH.FHB.MAS34.18,FSC20,NA,NA,NA,5,36
X15VDH.FHB.MAS34.18,WLA20,NA,6.84,9.309309309,10,58
X15VDH.FHB.MAS34.18,WLA20,NA,2.16,5.888223553,15,65
X15VDH.FHB.MAS38.01,FSC20,NA,NA,3.15,15,32
X15VDH.FHB.MAS38.01,FSC20,NA,NA,2.09,NA,37
X15VDH.FHB.MAS38.01,FSC20,NA,NA,NA,5,33
X15VDH.FHB.MAS38.01,WLA20,NA,12.32,22.1664995,30,72
X15VDH.FHB.MAS38.01,WLA20,NA,14.35,15.20644512,25,59
X15VDH.FHB.MAS41.13,FSC19,18.44,21.55,8.1,10,46
X15VDH.FHB.MAS41.13,FSC19,15.6,12.47,13.3,15,49
X16VDH.SRW01.120,FSC20,NA,2.2,0.69,5,29
X16VDH.SRW01.120,FSC20,NA,NA,1,NA,34
X16VDH.SRW03.023,FSC20,NA,NA,NA,15,39
X16VDH.SRW03.023,WLA20,NA,2.78,4.695304695,5,54
X16VDH.SRW03.023,WLA20,NA,1.67,4.604604605,5,61
X16VDH.SRW04.028,FSC20,NA,NA,5.6,10,40
X16VDH.SRW04.028,WLA20,NA,3.09,4.104104104,5,59
X16VDH.SRW04.028,WLA20,NA,2.96,2.708124373,1,54
X16VDH.SRW05.205,FSC20,NA,NA,NA,25,42
X16VDH.SRW05.205,WLA20,NA,13.81,14.61461461,20,76
X16VDH.SRW05.205,WLA20,NA,12.78,17.28271728,10,80
X16VDH.SRW06.131,FSC20,NA,8.58,0.99,20,40
X16VDH.SRW06.131,FSC20,NA,NA,4.5,25,47
X16VDH.SRW07.067,FSC20,NA,NA,NA,10,38
X16VDH.SRW07.067,WLA20,NA,13,20.44088176,30,74
X16VDH.SRW07.067,WLA20,NA,20.47,21.18473896,25,70
X16VDH.SRW09.025,FSC20,NA,9.35,12.16,20,61
X16VDH.SRW09.025,FSC20,NA,NA,8.11,15,47
X16VDH.SRW09.025,FSC20,NA,NA,1.5,20,54
X16VDH.SRW09.025,WLA20,NA,7.02,9.829488465,15,64
X16VDH.SRW09.025,WLA20,NA,5.35,6.293706294,5,67
AGS2000.NCB171181.B06,FSC19,29.12,23.22,8.7,15,67
AGS2000.NCB171181.B06,FSC19,27.28,20.97,10.2,10,59
AGS2000.NCB171181.B06,FSC19,24.68,17.99,9.3,20,57
AGS2024,FSC20,NA,NA,9.1,10,49
AGS3030,FSC19,32.56,47.68,18.8,30,71
AGS3030,FSC19,27.4,45.23,19.4,45,66
AGS3030,FSC19,21.96,38.43,11.1,35,66
AGS3030,FSC20,NA,NA,4.1,5,48
AGS3030,FSC20,NA,3,NA,10,49
AGS3030,FSC20,NA,NA,NA,5,42
AGS3030,WLA20,NA,24.29,23.67101304,30,77
AGS3030,WLA20,NA,20.13,17.18281718,15,76
AGS3030,WLA20,NA,29.08,37.2745491,70,67
AR09137UC.17.2,FSC19,20.84,23.91,7.8,15,77
AR09137UC.17.2,FSC19,15.76,14.69,8.5,10,62
AR09137UC.17.2,FSC20,NA,NA,14.8,25,56
AR09137UC.17.2,FSC20,NA,NA,NA,60,66
AR09137UC.17.2,FSC20,NA,NA,NA,15,44
AR09137UC.17.2,WLA20,NA,7.91,6.193806194,5,63
AR09137UC.17.2,WLA20,NA,6.34,9.79020979,5,62
AR09179UC.1.1,FSC19,23.68,39.88,12.4,15,56
AR09179UC.1.1,FSC19,18.56,25.36,9.5,15,53
AR09179UC.9.3,FSC19,30.92,38.54,14.3,30,61
AR09218C.5.2,FSC19,23.48,29.23,11.9,25,55
AR09218C.5.2,FSC19,18.08,25.53,5.8,20,55
AR09485.10.1,FSC19,36.12,28.2,12.2,25,68
AR09485.10.1,FSC19,19.8,36.73,8.2,5,43
AR09485.10.1,FSC20,NA,NA,5.9,15,25
AR09485.10.1,FSC20,NA,NA,NA,5,29
AR09485.10.1,WLA20,NA,6.42,5.015045135,5,55
AR09485.10.1,WLA20,NA,7.76,4.613841525,1,49
AR11029.14.3,FSC19,9,18.11,3.1,5,56
AR11029.14.3,FSC19,5.2,4.81,1.9,5,47
AR11033.6.3,FSC19,25.72,38.22,4.5,15,60
AR11033.6.3,FSC19,17.04,27.47,6.1,20,53
AR11051.14.1,FSC19,25.08,36.12,12,35,53
AR11051.14.1,FSC19,21.44,43.35,5.9,20,68
AR11051.14.1,FSC20,NA,NA,NA,5,44
AR11051.14.1,WLA20,NA,9.67,50,15,69
AR11051.14.1,WLA20,NA,9.89,14.1,5,62
AR11051.15.3,FSC20,NA,NA,7.9,15,34
AR11051.15.3,WLA20,NA,7.43,8.508508509,10,59
AR11051.15.3,WLA20,NA,5.13,6.006006006,10,58
AR11130.3.4,FSC19,14.64,19,5,10,42
AR11178.14.3,FSC19,25.2,35.09,8.7,25,65
AR11178.14.3,FSC19,17.52,25.21,9,20,38
AR11255.10.3,FSC19,38.88,28.5,7.6,25,70
AR11255.10.3,FSC19,28.92,19.16,10.9,15,41
AR11255.10.3,FSC19,28.72,30.67,12.3,20,51
AR11255.10.3,FSC19,11.6,8.17,5.4,10,34
AR11255.10.3,WVA19,18.4,34.04,30.15,35,64
AR11255.10.3,WVA19,7.48,28.11,25.57,30,69
AR11289.8.1,FSC19,9.68,6.23,3.8,5,32
AR11289.8.1,FSC19,5.84,4.93,1.7,5,45
AR11289.8.1,FSC20,NA,NA,NA,5,27
AR11289.8.1,WLA20,NA,3.02,4.518072289,5,44
AR11289.8.1,WLA20,NA,2.2,1.503006012,1,49
AR11289.8.1,WVA19,8.28,14.34,8.48,10,37
AR11289.8.1,WVA19,6.52,12.08,3.48,5,24
AR11289.8.3,FSC19,24.56,29.44,11.6,40,54
AR11289.8.3,FSC19,5.16,7.12,1.6,5,34
AR12002.0024N,FSC20,NA,8.74,3.6,5,33
AR12002.0024N,FSC20,NA,NA,8.61,5,34
AR12002.0024N,FSC20,NA,NA,7.3,5,37
AR12002.0024N,WLA20,NA,9.74,6.906906907,5,34
AR12080DH.113,FSC20,NA,NA,NA,10,29
AR12080DH.113,WLA20,NA,12.27,9.209209209,10,66
AR12080DH.113,WLA20,NA,9.95,9.70970971,5,71
AR12080DH.56,FSC20,NA,NA,6,NA,22
AR12080DH.56,WLA20,NA,3.93,7.723169509,5,47
AR12080DH.56,WLA20,NA,4.21,7.192807193,5,56
AR12486.2417N,FSC20,NA,2.88,0.49,5,37
AR12486.2417N,FSC20,NA,4.77,1,5,28
AR12486.2417N,FSC20,NA,NA,1.9,30,35
AR12486.2417N,WLA20,NA,6.5,8.116232465,10,58
AR12486.2419N,FSC20,NA,3.93,0.4,5,34
AR12486.2419N,FSC20,NA,NA,1.4,5,39
AR12486.2419N,FSC20,NA,NA,3.2,10,49
AR12486.2419N,WLA20,NA,4.89,9.62888666,10,52
AR12486.2420N,FSC20,NA,NA,2.1,5,36
AR12486.2420N,FSC20,NA,NA,2.39,5,32
AR12486.2420N,FSC20,NA,4.65,NA,5,34
AR12486.2420N,WLA20,NA,6.18,8.708708709,10,56
AR12486.2422N,FSC20,NA,NA,5.6,5,36
AR12486.2422N,WLA20,NA,5.75,8.308308308,10,62
AR12486.2427N,FSC20,NA,NA,NA,5,43
AR12486.2427N,WLA20,NA,5.39,6.2,10,56
AR12ID071.11.4,FSC19,24.52,28.91,7.4,20,56
AR12ID071.11.4,FSC19,10.56,19.13,5.2,15,79
AR12ID071.12.2,FSC19,30.64,41.8,12.8,25,82
AR12ID071.12.2,FSC19,16.96,21.17,6.9,15,49
AR15V07.15.1804N,FSC20,NA,0,NA,5,44
AR15V07.15.1804N,WLA20,NA,9.41,15.34603811,25,67
AR15V21.09.2089N,FSC20,NA,4.87,1.44,15,28
AR15V21.09.2089N,FSC20,NA,3.41,1,10,35
AR15V21.09.2089N,FSC20,NA,NA,NA,5,21
AR15V21.09.2089N,WLA20,NA,8.21,13.9,15,53
AR15V25.19.2174N,FSC20,NA,NA,1.2,5,32
AR15V25.19.2174N,WLA20,NA,4.11,9.4,10,43
AR15V26.10.2188N,FSC20,NA,NA,NA,5,42
AR15V26.10.2188N,WLA20,NA,6.13,4.904904905,1,44
AR15V31.26.2285N,FSC20,NA,4.43,1.6,5,46
AR15V31.26.2285N,FSC20,NA,NA,2.19,10,36
AR15V31.26.2285N,FSC20,NA,NA,2,5,39
AR15V31.26.2285N,WLA20,NA,4.81,6.312625251,5,49
AR15V33.07.2305N,FSC20,NA,NA,NA,10,40
AR15V33.07.2305N,WLA20,NA,13.45,9.59040959,5,55
AR15V41.10.2443N,FSC20,NA,5.39,1.49,15,46
AR15V41.10.2443N,FSC20,NA,NA,3.32,20,45
AR15V41.10.2443N,FSC20,NA,NA,2.1,5,43
AR15V41.10.2443N,WLA20,NA,1.94,2.805611222,5,50
ARDH13216.12,FSC19,25.28,27.72,12.7,25,55
ARDH13216.12,FSC20,NA,NA,NA,10,37
ARDH13216.12,WLA20,NA,6.51,6.806806807,15,59
ARDH13216.12,WLA20,NA,5.3,6.012024048,5,64
ARDH14002.22.0260N,FSC20,NA,0,NA,20,27
ARDH14002.22.0260N,WLA20,NA,2.25,2.202202202,1,42
ARFHBDH1.133,FSC19,26.44,30.07,7,20,66
ARFHBDH1.133,FSC19,18.68,22.28,8.1,20,38
ARFHBDH1.81,FSC19,21,26.62,9.1,25,43
ARFHBDH1.81,FSC19,20.08,29.14,5.7,15,60
ARFHBDH2.72,FSC19,3.2,4.87,2.4,10,53
ARFHBDH2.72,FSC19,0.8,2.24,0.9,0,39
ARFHBDH2.72,WVA19,3.96,16.05,10.82,20,56
ARFHBDH2.72,WVA19,0.84,10.08,4.87,5,59
ARFHBDH2.75,FSC19,11.48,25.47,5.4,20,54
ARFHBDH2.75,FSC19,9.28,18.41,5.1,15,47
ARFHBDH2.75,WVA19,4.32,23.6,15.58,15,47
ARFHBDH2.75,WVA19,4.2,17.22,11.08,15,47
ARGA09485.10.1,FSC19,24.64,24.21,11.4,20,49
ARGA09485.10.1,FSC19,8.76,9.5,3.1,15,61
ARGA09485.10.1,WVA19,19.76,28.03,30.25,45,55
ARGA09485.10.1,WVA19,9.44,38.18,31.62,50,71
ARLA06146E.1.4,FSC19,11.12,11.95,3.1,5,44
ARLA06146E.1.4,FSC19,8.52,10.68,5.4,5,45
ARLA06146E.1.4,FSC20,NA,6.06,NA,5,39
ARLA07133C.19.4,FSC19,19.52,15.44,5.8,10,65
ARLA09179UC.1.1,FSC19,29.8,26.22,34,20,50
ARLA09179UC.1.1,FSC19,20.88,17.35,11.9,20,47
ARLA09179UC.1.1,WVA19,5.48,10.45,10.73,5,38
ARLA09179UC.1.1,WVA19,2.96,15.79,9.93,15,36
ARLA12080DH.113,FSC19,25.16,31.77,9.7,30,65
ARLA12080DH.113,FSC19,6.72,18.59,4.5,10,27
ARLA12080DH.56,FSC19,11.48,18.1,5.3,15,59
ARLA12080DH.56,FSC19,8.36,21.94,8.3,10,28
ARLA12275DH.56,FSC19,11.6,17.19,10.4,15,38
ARNC11359.25,FSC19,4.64,4.46,1.9,5,34
ARNC11363.25,FSC19,16.24,21.62,10.3,15,53
ARNCDH12753.103.1536M,FSC20,NA,3.27,1.68,15,51
ARNCDH12753.103.1536M,FSC20,NA,NA,7.75,20,55
ARNCDH12753.103.1536M,FSC20,NA,NA,NA,15,44
ARNCDH12753.103.1536M,WLA20,NA,3.76,2.8,5,41
ARS14W0857,FSC19,30.96,44.95,18,NA,70
ARS14W0857,FSC19,14.4,26.2,12.1,20,43
ARS15W099,FSC19,62.32,65.06,29.1,65,94
ARS15W099,FSC19,60.24,66.2,23.5,55,77
ARS15W099,FSC20,NA,NA,33.6,55,49
ARS15W099,FSC20,NA,NA,23.2,35,35
ARS15W099,WLA20,NA,24.67,14.55823293,20,57
ARS15W099,WLA20,NA,17.07,14.8445336,15,65
ARS15W267,FSC19,27.6,20.5,9.4,20,71
ARS15W267,FSC19,13.72,15.98,6.3,20,46
ARS15W268,FSC19,17.68,27.97,16.6,20,51
ARS15W268,FSC19,11.88,14.73,4.4,10,46
BESS,FSC19,11.28,10.29,3.4,10,49
BESS,FSC19,6.32,9.06,2.3,5,36
BESS,FSC20,NA,16.98,6.17,15,36
BESS,FSC20,NA,NA,7.43,5,31
BESS,WVA19,4.4,13.47,4.52,0,37
BESS,WVA19,1.92,9.71,3.84,10,34
COKER9835,FSC19,41.96,29.19,31.7,50,80
COKER9835,FSC20,NA,8.23,1.89,15,44
COKER9835,FSC20,NA,NA,15.85,15,48
COKER9835,WVA19,21.72,27.51,30.51,55,95
COKER9835,WVA19,21.6,16.39,20.75,40,69
DH13SRW021.70,FSC19,10.32,10.37,3.6,10,47
DH13SRW021.70,FSC19,6.84,6.42,2.4,10,42
DH13SRW021.70,WVA19,6.36,12.41,4.6,5,30
DH13SRW021.70,WVA19,2.64,13.09,7.86,5,37
DH13SRW023.201,FSC19,24.92,16.34,14.5,15,54
DH13SRW023.201,FSC19,20.72,25.68,12.1,25,66
DH13SRW023.201,FSC19,18.64,13.11,10.8,25,56
DH13SRW023.201,FSC19,18.24,17.98,16.9,25,59
DH13SRW023.201,WVA19,7.48,9.83,10.85,10,50
DH13SRW023.201,WVA19,2.84,10.9,6.3,5,55
DH15SRW65.53,FSC20,NA,NA,NA,15,31
DH15SRW65.53,WLA20,NA,6.62,8.408408408,10,63
DH15SRW65.53,WLA20,NA,4.65,8.459214502,5,63
ERNIE,FSC19,12.44,14.42,4,5,42
ERNIE,FSC19,5.16,12.87,3.8,5,50
ERNIE,FSC20,NA,8.77,1.69,5,37
ERNIE,FSC20,NA,7.8,2.59,5,40
ERNIE,WVA19,3.8,9.48,4.1,0,45
ERNIE,WVA19,0.84,17.79,1.92,0,39
FL14078LDH.11,FSC19,27.04,25.94,15.7,25,75
FL14078LDH.11,FSC19,24.52,29.94,15.2,30,65
FL14078LDH.13,FSC19,53.92,41.69,29.3,45,93
FL14078LDH.13,FSC19,38.92,40.71,14.2,30,64
FL14078LDH.142,FSC19,14.8,39.19,13.9,20,48
FL14078LDH.162,FSC19,11.64,28.81,5.4,20,47
FL14078LDH.168,FSC19,33.2,37.39,19.6,25,73
FL14078LDH.168,FSC19,22.16,29.92,14.1,20,53
FL14078LDH.28,FSC19,21.68,39.87,8.2,20,58
FL14078LDH.28,FSC19,20.72,39.2,13.8,20,50
FL14078LDH.28,FSC20,NA,NA,4.2,5,65
FL14078LDH.28,FSC20,NA,NA,3.2,30,41
FL14078LDH.28,FSC20,NA,NA,8.5,20,47
FL14078LDH.28,WLA20,NA,13.55,7.128514056,10,54
FL14078LDH.28,WLA20,NA,18.03,23.82382382,15,53
FL14078LDH.7,FSC19,12.6,17.87,6.1,15,45
FL14078LDH.7,FSC19,12.48,16.21,4.9,10,53
FL14078LDH.92,FSC19,4.68,12.13,5,5,42
FL14167LDH.153,FSC19,6.36,11.41,4.1,10,37
FL14167LDH.153,FSC20,NA,NA,NA,25,40
FL14167LDH.153,WLA20,NA,33.78,23.18548387,60,72
FL14167LDH.153,WLA20,NA,32.7,27.88365095,70,82
FL14167LDH.158,FSC19,19.2,19.96,4.4,25,73
FL14167LDH.158,FSC19,9.88,25.85,4.6,20,43
FL14167LDH.158,FSC20,NA,0.63,NA,20,33
FL14167LDH.158,FSC20,NA,NA,13.5,20,43
FL14167LDH.158,FSC20,NA,NA,NA,15,56
FL14167LDH.158,WLA20,NA,9.73,7.4222668,5,60
FL14167LDH.158,WLA20,NA,9.85,8.13253012,5,61
FL14167LDH.170,FSC19,11.72,29.76,7.6,20,38
FL14167LDH.180,FSC19,22.16,34.57,10.4,15,48
FL14167LDH.180,FSC20,NA,NA,NA,5,43
FL14167LDH.180,WLA20,NA,11.86,8.1,10,66
FL14167LDH.180,WLA20,NA,7.54,7.807807808,10,62
FL14167LDH.242,FSC19,35.4,52.6,20.6,35,82
FL14167LDH.242,FSC19,30.64,50,15.3,35,54
FL14189LDH.115,FSC19,35.36,45.65,16.4,35,75
FL14189LDH.115,FSC19,15.24,33.08,9.7,25,46
FL15105.LDH018,FSC20,NA,NA,NA,5,36
FL15105.LDH018,WLA20,NA,10.69,8.835341365,15,33
FL15105.LDH039,FSC20,NA,NA,NA,5,35
FL15105.LDH039,WLA20,NA,18.27,14.01401401,10,46
FL15105.LDH084,FSC20,NA,NA,NA,5,32
FL15105.LDH084,WLA20,NA,12.58,12.11211211,30,36
FL15105.LDH086,FSC20,NA,NA,NA,0,34
FL15105.LDH086,WLA20,NA,14.6,19.87891019,35,49
FL15105.LDH092,FSC20,NA,NA,NA,5,36
FL15105.LDH092,WLA20,NA,14.69,13.06532663,30,49
FL15105.LDH110,FSC20,NA,NA,2.4,5,38
FL15105.LDH110,WLA20,NA,8.58,7.892107892,15,58
FL15105.LDH110,WLA20,NA,8.64,6.906906907,15,57
FL15105.LDH111,FSC20,NA,NA,3.6,5,37
FL15105.LDH111,WLA20,NA,18.6,20.78313253,30,51
FL15105.LDH145,FSC20,NA,NA,NA,0,31
FL15105.LDH145,WLA20,NA,6.49,10.68931069,25,52
FL15105.LDH145,WLA20,NA,11.14,8.551307847,5,56
FL15105.LDH159,FSC20,NA,NA,NA,5,37
FL15105.LDH159,WLA20,NA,11.73,16.83366733,35,45
FL15105.LDH168,FSC20,NA,NA,2.5,5,38
FL15105.LDH168,WLA20,NA,20.21,19.97991968,25,52
FL15105.LDH177,FSC20,NA,NA,NA,0,35
FL15105.LDH177,WLA20,NA,12.08,14.52905812,25,51
FL15105.LDH182,FSC20,NA,NA,0.7,5,46
FL15105.LDH182,WLA20,NA,15.9,15.23046092,30,48
FL15105.LDH253,FSC20,NA,0,NA,0,29
FL15105.LDH253,WLA20,NA,15.82,19.13827655,20,43
FL15105.LDH261,FSC20,NA,NA,NA,5,32
FL15105.LDH261,WLA20,NA,17.31,11.6,10,41
FL16009LDH.16.1PLANT,FSC20,NA,NA,NA,10,32
FL16009LDH.16.1PLANT,WLA20,NA,16.76,25.8,40,58
FL16045LDH.25,FSC20,NA,NA,NA,5,38
FL16045LDH.25,WLA20,NA,12.95,12.71271271,50,61
FL16045LDH.98,FSC20,NA,NA,NA,10,31
FL16045LDH.98,WLA20,NA,24.39,26.95390782,70,53
FLLA10033C.6,FSC20,NA,NA,NA,5,38
FLLA10033C.6,FSC20,NA,NA,21.5,65,62
FLLA10033C.6,FSC20,NA,NA,10.8,55,39
FLLA10033C.6,WLA20,NA,18.27,11.48851149,5,59
FLLA10033C.6,WLA20,NA,15.64,16.81681682,10,52
FLLA10144C.3,FSC19,18.92,21.85,8.1,15,42
FLLA10144C.3,FSC19,11.72,15.83,4.3,10,48
FLLA10204C.6,FSC19,23.36,35.63,9.7,25,57
FLLA10204C.6,FSC19,18.96,24.74,9.4,15,60
FLLA11004.7,FSC19,12.44,15.41,5.5,10,47
FLLA11004.7,FSC20,NA,NA,NA,15,22
FLLA11004.7,WLA20,NA,4.83,7.477567298,5,58
FLLA11004.7,WLA20,NA,4.77,5.616850552,5,59
FLLA11198.6,FSC19,37.52,37.59,11.8,15,61
FLLA11198.6,FSC19,6.76,26.1,5,15,43
FLLA12080LDH.104,FSC19,15.48,15.18,4.4,10,26
FLLA12080LDH.104,FSC20,NA,NA,NA,10,34
FLLA12080LDH.104,WLA20,NA,8.69,16.03206413,10,65
FLLA12080LDH.104,WLA20,NA,6.26,5.030181087,10,71
FLLA12088SB.8,FSC19,54.24,63.4,31.4,60,96
FLLA12088SB.8,FSC19,33.76,62.37,22.1,NA,59
GA.111055.1.2.3.1.19LE12,FSC20,NA,NA,NA,20,44
GA.111055.1.2.3.1.19LE12,WLA20,NA,13.37,13.88611389,30,49
GA.12156.12.1.3.19LE11,FSC20,NA,NA,8.6,5,51
GA.12156.12.1.3.19LE11,WLA20,NA,4.47,7.923771314,15,56
GA.18ADH33F,FSC19,20.68,15.26,11.3,15,46
GA.18ADH33F,WVA19,5.24,15.67,10.19,20,54
GA.18ADH33F,WVA19,4.2,13.91,6.7,15,50
GA.18ELDH29F,FSC19,13.76,13.36,6.7,10,44
GA.18ELDH29F,FSC19,10.72,14.61,5.5,10,53
GA.18ELDH29F,WVA19,3.8,12.65,4.2,5,34
GA.18ELDH29F,WVA19,1.92,14.41,6.19,5,42
GA.18ESC41F,FSC19,11.68,13.65,4.3,15,33
GA.18ESC41F,FSC19,1.24,7.67,1.4,5,44
GA.18ESC41F,WVA19,2.36,12.93,2.73,0,36
GA.18ESC41F,WVA19,1.28,31.34,7.72,5,49
GA.18LE43F,FSC19,9.76,13.4,3.7,10,38
GA.18LE43F,FSC19,4.8,5.57,2.2,5,58
GA.18LE43F,WVA19,3.96,5.87,4.1,10,50
GA.18LE43F,WVA19,1.72,6.74,4.17,5,51
GA.18LE46,FSC19,20.28,28.38,35,30,46
GA.18LE46,FSC19,9.76,14.69,4.6,10,47
GA.18LE46,WVA19,6.68,24.83,11.45,25,38
GA.18LE46,WVA19,4.36,26.45,14.6,30,46
GA09129.16E55,FSC20,NA,NA,23,70,69
GA09436.16LE12,FSC20,NA,NA,14.4,10,46
GA09589.17E22,FSC19,34.2,47.44,35.6,35,61
GA09589.17E22,FSC19,32.52,44.43,11,25,56
GA101004.17LE17,FSC19,27.6,34.7,17.9,35,68
GA101004.17LE17,FSC19,12.36,16.65,22,20,92
GA101004.17LE17,FSC20,NA,NA,NA,15,48
GA101263.17LE19,FSC19,41.24,57.14,18,35,68
GA101263.17LE19,FSC19,27.56,39.69,12.4,25,45
GA10127.18E26,FSC19,35.8,46.18,13.6,25,85
GA10127.18E26,FSC20,NA,NA,11.5,5,30
GA10127.18E26,FSC20,NA,NA,6.4,15,30
GA10127.18E26,WLA20,NA,9.08,9.036144578,5,74
GA10127.18E26,WLA20,NA,5.56,6.106106106,5,70
GA101298.17LE11,FSC19,39.6,48.19,26.4,45,78
GA101298.17LE11,FSC20,NA,NA,NA,15,48
GA10268.17LE16,FSC19,43.92,50.6,19.2,35,77
GA10268.17LE16,FSC19,30.76,34.06,17.2,25,72
GA10268.17LE16,FSC20,NA,NA,23.2,35,66
GA10407.17E8,FSC19,38.44,67.08,20.6,40,76
GA10407.17E8,FSC19,29.08,50,13.1,35,56
GA10407.17E8,FSC20,NA,NA,1.2,5,39
GA10457.19LE13,FSC20,NA,NA,6.02,5,45
GA10457.19LE13,FSC20,NA,NA,5.94,5,48
GA10457.4.2.1.6.1.7.19LE13,FSC20,NA,NA,4.6,15,46
GA10457.4.2.1.6.1.7.19LE13,WLA20,NA,7.79,10.51051051,5,50
GA10559.17E14,FSC19,32.08,43.06,18.4,35,66
GA10559.17E14,FSC19,21.88,35.14,7.3,30,69
GA11052.3.1.2..19LE15,FSC20,NA,NA,NA,15,41
GA11052.3.1.2..19LE15,WLA20,NA,5.61,6.834170854,5,39
GA111007.18E45,FSC19,31.28,42,17.1,40,55
GA111007.18E45,FSC19,26.32,40.91,8.2,30,94
GA111093.17LE9,FSC19,34.96,33.75,13.8,30,63
GA111093.17LE9,FSC19,23.8,31.81,13.9,25,47
GA11656.17E11,FSC19,34.16,48.31,16.3,40,73
GA11656.17E11,FSC19,25.56,26.32,14.6,25,74
GA11656.17E11,FSC20,NA,NA,NA,NA,39
GA11656.17E12,FSC19,52.88,58.9,24.3,35,76
GA11656.17E12,FSC19,32.72,44.58,23.1,30,69
GA121012.13.3.4.19LE8,FSC20,NA,NA,NA,15,37
GA121012.13.3.4.19LE8,WLA20,NA,12.48,14.01401401,15,47
GA12145.6.8.7..19E19,FSC20,NA,NA,2.8,5,29
GA12145.6.8.7..19E19,WLA20,NA,10.39,13.81381381,10,45
GA12210.8..5.2..19E12,FSC20,NA,NA,NA,10,25
GA12210.8..5.2..19E12,WLA20,NA,15.52,14.95983936,10,43
GA12271.1.1.5..19LE9,FSC20,NA,NA,NA,5,35
GA12271.1.1.5..19LE9,WLA20,NA,13.67,11.48851149,10,43
GA12505B14.18LE23F,FSC19,27.04,30.71,14.9,35,44
GA12505B14.18LE23F,FSC19,5.48,20.62,1.67,10,74
GA12505B14.18LE23F,FSC20,NA,NA,4.9,5,41
GA12505B14.18LE23F,WLA20,NA,11.01,11.4,10,66
GA12505B14.18LE23F,WLA20,NA,7.3,9.118236473,10,66
GA131246LDH.18E35,FSC19,42.88,48.68,21.1,35,71
GA131246LDH.18E35,FSC19,35.92,41.76,24.2,35,49
GA131246LDH.18E35,FSC20,NA,NA,9.5,10,34
GA131246LDH.18E35,FSC20,NA,NA,NA,5,26
GA131246LDH.18E35,WLA20,NA,7.25,7.292707293,1,53
GA131246LDH.18E35,WLA20,NA,4.43,7.823470411,1,52
GA141077.G5.18ESC27F,FSC19,27,38.21,12.3,35,77
GA141077.G5.18ESC27F,FSC19,23.84,25.81,16.8,30,49
GA14436LDH.18LE25,FSC19,28.44,25.8,12.9,20,74
GA14436LDH.18LE25,FSC19,11.24,16.09,7.3,15,41
GA14436LDH.18LE25,FSC20,NA,NA,NA,15,36
GA14436LDH.18LE25,WLA20,NA,12.69,19.8388721,10,56
GA14436LDH.18LE25,WLA20,NA,8.78,11.02204409,15,59
GA14436LDH.18LE26F,FSC19,63.68,58.9,75.3,60,88
GA14436LDH.18LE26F,FSC19,45.64,51.72,16.5,35,80
GA14438LDH.133.19LE23,FSC20,NA,NA,NA,30,51
GA14438LDH.133.19LE23,WLA20,NA,21.14,25.22522523,30,42
GA14438LDH.18LE31,FSC19,59.44,64.38,20.2,40,70
GA14438LDH.18LE31,FSC19,33.96,46.61,27.9,25,35
GA151254.LDH071..19E32,FSC20,NA,NA,NA,5,34
GA151254.LDH071..19E32,WLA20,NA,14.51,16.59959759,25,48
GA151254.LDH130..19E34,FSC20,NA,NA,NA,45,35
GA151254.LDH130..19E34,WLA20,NA,21.05,28.88665998,30,59
GA151313.LDH127.19E36,FSC20,NA,19.7,7.92,10,45
GA151313.LDH127.19E36,FSC20,NA,NA,5.75,5,33
GA151313.LDH127.19E36,FSC20,NA,NA,NA,10,36
GA151313.LDH127.19E36,WLA20,NA,23.51,15.43895055,10,45
GA151313.LDH224.19E38,FSC20,NA,6.84,0.8,10,39
GA151313.LDH224.19E38,FSC20,NA,NA,2,5,38
GA151313.LDH224.19E38,FSC20,NA,NA,NA,5,35
GA151313.LDH224.19E38,WLA20,NA,13.01,16.93386774,20,59
GA15328.18E52F,FSC19,15.44,18.98,3.5,10,44
GA15328.18E52F,FSC19,9.8,18.72,2.7,15,75
GA15328.18E52F,FSC20,NA,4.04,2.42,5,28
GA15328.18E52F,FSC20,NA,NA,11.28,15,25
GA15VDH.FHB.MAS22.18ESC.41F,FSC19,5.12,22.08,5.1,5,32
GA15VDH.FHB.MAS22.18ESC.41F,FSC20,NA,NA,7.2,5,41
GA15VDH.FHB.MAS22.18ESC.41F,WLA20,NA,18.89,16.73346693,30,65
GA15VDH.FHB.MAS22.18ESC.41F,WLA20,NA,22.42,16.21621622,5,56
GA15VDH.FHB.MAS23.18LE43F,FSC19,6.24,10.29,2.2,5,51
GA15VDH.FHB.MAS23.18LE43F,FSC19,4.56,11.19,3,5,12
GA15VDH.FHB.MAS23.18LE43F,FSC20,NA,NA,1.8,5,32
GA15VDH.FHB.MAS23.18LE43F,FSC20,NA,NA,NA,5,28
GA15VDH.FHB.MAS23.18LE43F,WLA20,NA,4.39,3.306613226,1,61
GA15VDH.FHB.MAS23.18LE43F,WLA20,NA,6,5.23138833,5,64
GA15VDH.FHB.MAS23.18LE45F,FSC20,NA,NA,NA,5,37
GA15VDH.FHB.MAS23.18LE45F,WLA20,NA,7.87,7.9,5,63
GA15VDH.FHB.MAS23.18LE45F,WLA20,NA,5.47,3.006012024,1,63
GA15VDH.FHB.MAS27.07ADH33F,FSC20,NA,NA,10.3,15,37
GA15VDH.FHB.MAS27.07ADH33F,WLA20,NA,8.6,14.62925852,15,61
GA15VDH.FHB.MAS27.07ADH33F,WLA20,NA,5.08,6.786427146,15,60
GA15VDH.FHB.MAS27.18ADH33F,FSC19,23.68,22.71,10.2,25,58
GA15VDH.FHB.MAS30.18EDH29F,FSC19,23.12,31.73,12.5,20,60
GA15VDH.FHB.MAS30.18EDH29F,FSC19,9.72,23.41,9.2,10,21
GA15VDH.FHB.MAS30.18ESC43F,FSC19,12.8,28.72,5.5,15,50
GA15VDH.FHB.MAS30.18ESC43F,FSC19,10.48,17.93,4.7,10,63
GA15VDH.FHB.MAS30.18ESC43F,FSC20,NA,NA,1.5,10,35
GA15VDH.FHB.MAS30.18ESC43F,FSC20,NA,NA,18.5,15,39
GA15VDH.FHB.MAS30.18ESC43F,WLA20,NA,19.83,11.04417671,10,61
GA15VDH.FHB.MAS30.18ESC43F,WLA20,NA,16.54,9.53815261,10,58
GA15VDH.FHB.MAS33.18LE46,FSC19,16.4,45.4,9.4,25,48
GAFHBMAS14031.201,FSC20,NA,0,NA,5,32
GAFHBMAS14031.201,FSC20,NA,7.21,2.68,5,39
GAFHBMAS14031.201,FSC20,NA,12.38,4.96,5,39
GAFHBMAS14031.201,WLA20,NA,22.4,31.79538616,40,61
GANC12642.12.19LE16,FSC20,NA,7.69,1.57,10,45
GANC12642.12.19LE16,FSC20,NA,5.52,15.98,45,56
GANC12642.12.19LE16,FSC20,NA,NA,NA,10,40
GANC12642.12.19LE16,WLA20,NA,8.61,11.01101101,30,61
HILLIARD,FSC19,29.36,16.55,6,10,95
HILLIARD,FSC19,27.48,25.54,11.2,20,82
HILLIARD,FSC19,19.6,20.37,8.6,15,72
HILLIARD,FSC19,18.36,20.22,5.4,15,67
HILLIARD,FSC19,6.8,21.22,13.1,10,60
HILLIARD,FSC20,NA,NA,2.9,25,42
HILLIARD,FSC20,NA,NA,NA,15,51
HILLIARD,FSC20,NA,NA,6.8,25,46
HILLIARD,FSC20,NA,NA,NA,20,42
HILLIARD,FSC20,NA,NA,NA,10,44
HILLIARD,WLA20,NA,5.96,11.01101101,15,63
HILLIARD,WLA20,NA,5.39,7.407407407,5,59
HILLIARD,WLA20,NA,5.26,7.51503006,10,55
HILLIARD,WLA20,NA,6,6.606606607,10,63
HILLIARD,WLA20,NA,3.74,5.7,5,58
JAMESTOWN,FSC19,7.48,7.58,4,5,50
JAMESTOWN,FSC19,6.32,9.66,2.3,5,45
JAMESTOWN,FSC19,6.24,13.08,3.6,10,53
JAMESTOWN,FSC19,5.08,9.07,3.4,5,50
JAMESTOWN,FSC20,NA,5.74,1.38,NA,40
JAMESTOWN,FSC20,NA,5.79,0.4,10,43
JAMESTOWN,FSC20,NA,NA,7.8,10,40
JAMESTOWN,FSC20,NA,NA,NA,NA,NA
JAMESTOWN,WLA20,NA,12.76,8.534136546,5,54
JAMESTOWN,WLA20,NA,11.08,8.116232465,5,53
JAMESTOWN,WVA19,4.44,17.04,11.11,5,59
JAMESTOWN,WVA19,0.88,10.75,6.72,5,43
KWS202,FSC19,18.32,19.23,7.6,10,65
KWS202,FSC19,17.96,14.09,6.6,15,52
KWS202,FSC19,10.32,14.1,6,10,53
KWS202,FSC19,7.52,11.15,6.37,5,57
KWS202,WVA19,11.96,29.92,13.87,15,37
KWS202,WVA19,5.76,35.29,23.69,20,53
KWS207,FSC19,37.88,23.87,8.4,25,72
KWS207,FSC19,32.8,22.09,10.5,20,78
KWS207,WVA19,11.6,38.27,12.92,20,53
KWS207,WVA19,3.52,22.01,10.43,25,58
KWS216,FSC20,NA,NA,7.75,15,42
KWS216,FSC20,NA,NA,8.25,15,46
KWS219,FSC19,8.88,8.85,9.5,5,45
KWS219,FSC19,8.12,6.2,3.2,5,44
KWS219,WVA19,3.96,8.92,4.77,5,33
KWS219,WVA19,2.48,19.28,8.67,5,50
KWS238,FSC20,NA,NA,5.84,25,64
KWS238,FSC20,NA,NA,9.01,20,65
KWS238,FSC20,NA,NA,NA,60,59
KWS238,FSC20,NA,NA,NA,35,60
KWS238,WLA20,NA,2.84,2.409638554,1,65
KWS238,WLA20,NA,3.08,3.911735206,1,62
KWS240,FSC19,30.76,30.14,10.1,10,72
KWS240,FSC19,30.36,16.7,10.5,20,60
KWS240,FSC19,22.12,15.79,11.7,15,68
KWS240,FSC19,7.48,13.58,4.14,5,65
KWS240,WVA19,12.08,24.16,24.07,35,52
KWS240,WVA19,4,27.99,19.75,35,72
KWS242,FSC19,8.32,9.44,5.52,10,68
KWS242,FSC19,5.24,5.83,2.8,10,51
KWS242,WVA19,6.2,21.57,16.46,10,60
KWS242,WVA19,2.08,11.46,10.26,10,51
KWS246,FSC20,NA,NA,11.1,20,51
KWS246,FSC20,NA,NA,6.37,20,47
KWS246,FSC20,NA,NA,NA,40,47
KWS246,FSC20,NA,NA,NA,20,37
KWS246,FSC20,NA,NA,NA,25,35
KWS246,WLA20,NA,3.03,3.503503504,1,59
KWS246,WLA20,NA,2.63,3.503503504,1,57
KWS263,FSC20,NA,9.25,1.39,15,31
KWS263,FSC20,NA,NA,3.26,5,36
KWS263,FSC20,NA,NA,NA,20,33
KWS333,FSC20,NA,4.67,7.54,10,54
KWS333,FSC20,NA,NA,4.69,45,59
KWS333,FSC20,NA,NA,4.9,55,46
KWS333,FSC20,NA,NA,NA,10,44
KWS333,WLA20,NA,2.58,1.004016064,1,63
KWS333,WLA20,NA,3.04,0.7,1,62
LA07133CW.P4.29.2,FSC19,17.12,30.5,8.9,20,60
LA07133CW.P4.29.2,FSC19,5.48,17.84,3.6,5,30
LA08080C.31.1,FSC19,38.36,40.46,24,30,70
LA08080C.31.1,FSC19,35.6,45.05,24.4,40,68
LA08080C.31.1,WVA19,12.56,39.03,27.42,60,67
LA08080C.31.1,WVA19,6.72,31.2,22.92,50,87
LA08281C.P4.3.1,FSC19,85.32,85.89,95.3,75,103
LA08281C.P4.3.1,FSC19,36.84,57.76,34.8,50,58
LA09225C.33.3,FSC19,18.64,20.78,8.7,30,61
LA09225C.33.3,FSC19,14.56,32.1,10.17,20,65
LA10191C.1,FSC19,12.48,16.1,7.3,10,49
LA11075SB.25.2,FSC19,37.12,50.15,18.9,40,63
LA11260C.17.1,FSC19,21.84,31.24,9.7,20,57
LA11260C.17.1,FSC19,18.28,40.25,8.9,25,62
LA12080LDH.122,FSC19,25.84,33.71,13.1,25,53
LA12080LDH.72,FSC19,18.2,28.91,12.6,25,61
LA12080LDH.72,FSC19,12.68,18.12,6.7,20,51
LA12080LDH.72,FSC20,NA,NA,7.9,5,31
LA12080LDH.72,FSC20,NA,NA,NA,35,NA
LA12080LDH.72,FSC20,NA,NA,3.7,0,27
LA12080LDH.72,WLA20,NA,11.12,7.407407407,15,58
LA12080LDH.72,WLA20,NA,7.3,5.823293173,5,55
LA12275DH.56,FSC19,32.2,41.28,13.2,25,72
LA12275DH.56,FSC19,9.16,18.54,7.92,10,43
LA12275DH.56,FSC20,NA,NA,NA,NA,NA
LA12275DH.56,FSC20,NA,NA,NA,15,57
LA12275DH.56,FSC20,NA,NA,NA,NA,NA
LA12275DH.56,WLA20,NA,12.45,12.0240481,10,79
LA12275DH.56,WLA20,NA,13.01,9.009009009,10,76
LA13045D.173,FSC20,NA,4.94,0.4,10,43
LA13045D.173,FSC20,NA,3.63,0.99,5,52
LA13045D.80,FSC20,NA,NA,3.66,10,47
LA13045D.80,FSC20,NA,NA,2.28,5,42
LA13082D.WN25.3,FSC20,NA,NA,NA,0,38
LA13082D.WN25.3,WLA20,NA,16.36,25.12562814,25,53
LA13084D.WN14.2,FSC20,NA,NA,NA,20,43
LA13084D.WN14.2,WLA20,NA,24.69,35.23523524,65,51
LA13098D.WN10.4,FSC20,NA,NA,NA,5,40
LA13098D.WN10.4,WLA20,NA,9.58,13.81048387,20,39
LA13148D.WN26.3,FSC20,NA,NA,NA,10,37
LA13148D.WN26.3,WLA20,NA,12.71,18.5,25,48
LA13154D.WN1,FSC19,30.24,32.13,15.3,30,58
LA13154D.WN1,FSC19,29.6,41.58,93.3,35,94
LA13154D.WN1,FSC20,NA,NA,NA,15,33
LA13154D.WN1,WLA20,NA,14.17,14.02805611,20,66
LA13154D.WN1,WLA20,NA,9.61,13.66834171,10,65
LA13181D.151A,FSC20,NA,7.84,2.5,20,43
LA13181D.151A,FSC20,NA,NA,1.38,15,34
LA13197SC.46,FSC19,40.2,53.11,22.3,45,51
LA13197SC.46,FSC19,31.36,37.95,23.6,45,41
LA13197SC.46,WVA19,17.56,40.42,26.27,55,50
LA13197SC.46,WVA19,10.92,29.29,17.44,45,56
LA13235DH.19,FSC19,32.04,52.26,24.4,45,62
LA13235DH.19,FSC19,30.24,53.85,16.4,45,77
LA13235LDH.70,FSC19,28.4,40.74,14.7,35,58
LA13235LDH.70,FSC19,16.92,38.27,11.3,35,44
LA14076LDH.217,FSC19,34.76,62.39,16.3,35,55
LA14076LDH.217,FSC19,33.04,46.28,15.9,35,65
LA14086LDH.172,FSC20,NA,NA,7.8,5,18
LA14086LDH.172,WLA20,NA,12.42,11.48036254,45,54
LA14086LDH.172,WLA20,NA,9.15,9.558823529,10,48
LA14101LDH.12A,FSC20,NA,NA,12.4,20,50
LA14101LDH.12A,WLA20,NA,26.76,36.4551863,70,62
LA14101LDH.152,FSC19,18.72,47.66,20.2,25,47
LA14151SC.93,FSC20,NA,NA,14.5,15,53
LA14151SC.93,WLA20,NA,8.22,8.324974925,15,60
LA15015.LDH016,FSC20,NA,NA,NA,5,23
LA15015.LDH016,WLA20,NA,12.41,13.64092277,20,46
LA15166.LDH029,FSC19,26.64,30.47,14.1,20,61
LA15166.LDH029,FSC19,11.88,22.92,11.1,15,32
LA15166.LDH154,FSC19,33.6,31.36,10.8,10,57
LA15166.LDH154,FSC19,18.04,20.26,6.44,15,58
LA15166.LDH215,FSC19,32.28,44.58,25.4,NA,51
LA15166.LDH215,FSC19,25.44,45.1,14.8,35,54
LA15166.LDH272,FSC19,20,26.91,21.06,20,36
LA15166.LDH296,FSC20,NA,4.37,6.02,15,50
LA15166.LDH296,FSC20,NA,NA,6.35,15,48
LA15166.LDH296,FSC20,NA,NA,5.7,10,49
LA15166.LDH296,WLA20,NA,2.6,4.291417166,10,43
LA15203.LDH053,FSC19,34.4,41.14,22.5,30,68
LA15203.LDH053,FSC19,15.44,30.9,15.2,20,48
LA15203.LDH070,FSC20,NA,NA,NA,15,38
LA15203.LDH070,WLA20,NA,12.02,21.46439318,25,54
LA15203.LDH075,FSC20,NA,10.85,2.41,25,60
LA15203.LDH075,FSC20,NA,8.02,16.82,20,61
LA15203.LDH075,FSC20,NA,NA,NA,10,55
LA15203.LDH075,WLA20,NA,8.94,13.01301301,5,68
LA15203.LDH093,FSC20,NA,NA,NA,15,38
LA15203.LDH093,WLA20,NA,8.15,8.056394763,15,66
LA15203.LDH093,WLA20,NA,7.34,8.324974925,10,67
LA15203.LDH112,FSC19,21.6,27.08,10.9,20,73
LA15203.LDH112,FSC19,19.48,11.45,10.1,10,50
LA15203.LDH112,FSC19,16.92,10.46,6.4,10,48
LA15203.LDH112,FSC19,14.8,20.88,5.3,15,54
LA15203.LDH112,FSC20,NA,NA,1.5,15,46
LA15203.LDH112,FSC20,NA,NA,NA,25,36
LA15203.LDH112,WLA20,NA,3.95,2.104208417,1,60
LA15203.LDH112,WLA20,NA,3.69,5.728643216,1,62
LA15203.LDH112,WVA19,9,21.45,18.36,15,60
LA15203.LDH112,WVA19,4.28,21.47,14.58,20,57
LA15203.LDH115,FSC19,49.4,39.19,19.6,30,80
LA15203.LDH115,FSC19,46.08,48.36,21.2,60,75
LA15203.LDH146,FSC20,NA,NA,NA,NA,NA
LA15203.LDH146,WLA20,NA,14.76,19.18081918,20,43
LA15203.LDH200,FSC20,NA,NA,NA,0,38
LA15203.LDH200,WLA20,NA,3.74,3.309929789,5,61
LA15203.LDH200,WLA20,NA,1.77,2.702702703,5,64
LA15203.LDH263,FSC20,NA,0.85,NA,5,47
LA15203.LDH263,WLA20,NA,14.26,14.28571429,20,43
LA15203.LDH274,FSC20,NA,NA,NA,5,31
LA15203.LDH274,WLA20,NA,13.36,13.65461847,15,51
LA15203.LDH274,WLA20,NA,9.4,13.22645291,10,56
LA15VDH.FHB.MAS08.16,FSC19,23.72,25,15.2,30,60
LA15VDH.FHB.MAS08.16,FSC19,9.4,13.83,8,15,38
LA15VDH.FHB.MAS08.17,FSC19,11.12,19.9,3.7,20,40
LA15VDH.FHB.MAS10.16,FSC19,7.08,10.54,3.56,20,70
LA15VDH.FHB.MAS10.16,FSC19,6.72,11.7,2.7,15,44
LA15VDH.FHB.MAS10.16,FSC20,NA,8.19,2.19,5,42
LA15VDH.FHB.MAS10.16,FSC20,NA,NA,2.4,15,37
LA15VDH.FHB.MAS10.16,WVA19,3.56,15.11,3.46,10,38
LA15VDH.FHB.MAS10.16,WVA19,0.72,16.48,3.49,5,43
LA15VDH.FHB.MAS10.18,FSC19,18.12,12.78,19.8,10,62
LA15VDH.FHB.MAS10.18,FSC19,9.96,15.52,3.9,10,57
LA15VDH.FHB.MAS10.18,WVA19,3.16,7.55,5.09,0,63
LA15VDH.FHB.MAS10.18,WVA19,1.92,4.78,2.42,5,58
LA15VDH.FHB.MAS40.04.2,FSC20,NA,NA,NA,5,37
LA15VDH.FHB.MAS40.04.2,WLA20,NA,5.48,9.719438878,10,79
LA16020LDH.22,FSC20,NA,NA,1.9,5,33
LA16020LDH.22,WLA20,NA,11.05,12.75100402,10,43
LANC11558.33,FSC20,NA,NA,NA,10,42
LANC11558.33,WLA20,NA,4.78,8.908908909,10,63
LANC11558.33,WLA20,NA,3.77,6.4,5,57
LANC9337.40.2,FSC19,25.84,36.19,11.5,20,58
LANC9337.40.2,FSC19,15.2,19.36,8.2,20,48
LANC9337.63.4,FSC20,NA,12.15,3.55,5,42
LANC9337.63.4,FSC20,NA,6.5,2.9,5,44
LANC9337.63.4,FSC20,NA,NA,6.2,5,49
LANC9337.63.4,WLA20,NA,21.34,25.57673019,60,56
LANCDH11558.109,FSC19,23.56,19,16.8,20,61
LANCDH11558.109,FSC19,20.08,18.05,11.8,20,58
LANCDH11558.109,WVA19,6.96,19.16,10.63,10,53
LANCDH11558.109,WVA19,3.12,17.19,10.38,10,55
LES.167851,FSC19,18.92,12.62,6.4,20,54
LES.167851,WVA19,3.52,12.38,7.67,10,39
LES.167851,WVA19,1.96,10.08,4.17,10,35
LES.172093,FSC19,6.8,7.92,2.59,5,56
LES.172093,FSC19,4.76,4.06,2.1,5,43
LES.172093,WVA19,4.04,17.11,7.73,5,52
LES.172093,WVA19,3.96,12.4,5.9,5,45
LES.70022,FSC19,9.52,12.78,5.5,10,43
LES.70022,FSC19,7.4,7.74,2.4,5,34
LES.70022,WVA19,3.32,16.15,4.59,0,28
LES.70022,WVA19,1.4,17.63,3.63,5,43
NC11331.L38,FSC19,8.52,5.38,4.2,5,60
NC11331.L38,WVA19,5.96,17.82,13.41,15,66
NC11331.L38,WVA19,4.16,13.04,5.69,0,50
NC11363.25,FSC20,NA,NA,7.27,10,40
NC11363.25,FSC20,NA,NA,0.7,10,50
NC11363.25,FSC20,NA,NA,2.7,5,42
NC11363.25,FSC20,NA,NA,NA,10,43
NC11363.25,WLA20,NA,6.83,5.337361531,5,65
NC11363.25,WLA20,NA,5.38,2.297702298,5,62
NC11546.14,FSC19,8.48,4.65,3.5,5,44
NC11546.14,FSC19,8.48,11.04,4.5,10,59
NC11546.14,FSC19,6.36,8.2,5.3,20,58
NC11546.14,FSC19,4.36,4.97,2.1,5,43
NC11546.14,FSC20,NA,NA,3.8,10,51
NC11546.14,FSC20,NA,NA,5.19,5,42
NC11546.14,FSC20,NA,NA,1.8,5,45
NC11546.14,FSC20,NA,NA,NA,5,38
NC11546.14,WLA20,NA,7.33,3.209628887,5,58
NC11546.14,WLA20,NA,7.66,5.5,1,48
NC11546.14,WVA19,2.16,11.42,6.56,5,51
NC11546.14,WVA19,1.2,13.07,5.96,15,51
NC12093.146,FSC19,12.88,24.91,5.7,20,55
NC12093.146,FSC19,9.08,13.63,6.3,15,45
NC12164.192T,FSC19,5.72,9.44,6.8,10,42
NC12164.198T,FSC19,19.56,24.91,9,15,56
NC12164.198T,FSC19,19.32,19.29,11.4,20,45
NC12164.200T,FSC19,13.72,21.35,5.6,10,46
NC12164.200T,FSC19,8.04,11.82,5.5,10,31
NC12164.200T,FSC20,NA,NA,NA,5,23
NC12164.200T,WLA20,NA,6.05,7.592407592,10,45
NC12164.200T,WLA20,NA,5.81,5.4,10,50
NC12164.217T,FSC19,18.4,27.32,9.5,20,46
NC12164.217T,FSC19,18.36,28.54,11,20,55
NC12164.22T,FSC19,18.04,20,9.1,15,49
NC12164.22T,FSC19,8.16,16.95,5.5,15,64
NC12164.25T,FSC19,17.84,18.99,5.8,25,61
NC12164.25T,FSC19,11.24,22.25,8.17,15,67
NC12164.25T,FSC19,6.84,18.61,7.2,5,21
NC12164.25T,FSC19,3.24,7.75,3.4,5,48
NC12164.25T,WVA19,10.88,37.96,32.43,35,64
NC12164.25T,WVA19,5.68,21.91,16.47,30,37
NC12164.94,FSC20,NA,NA,1.68,15,35
NC12164.94,FSC20,NA,NA,4.9,5,35
NC12164.94T,FSC19,13.16,19.51,6.6,15,36
NC12164.94T,FSC19,12.88,27.84,3.6,15,60
NC12164.97T,FSC19,18.04,26.03,10.6,15,48
NC12164.97T,FSC19,15.48,15.97,6,15,53
NC12164.97T,FSC20,NA,NA,NA,15,28
NC12164.97T,WLA20,NA,5.64,5.616850552,5,55
NC12164.97T,WLA20,NA,4.92,4.695304695,5,51
NC12193.49,FSC19,15.96,11.63,4.3,5,40
NC12193.49,FSC19,5.12,9.23,2.2,5,61
NC12193.49,FSC20,NA,4.12,1.79,5,33
NC12193.49,FSC20,NA,NA,3.25,5,41
NC12193.49,FSC20,NA,NA,NA,15,26
NC12193.49,WLA20,NA,5.25,3.907815631,5,61
NC12193.49,WLA20,NA,2.71,3.9,1,51
NC12642.38,FSC19,26.6,27.33,11.5,20,64
NC12642.38,FSC19,3.72,18.56,2.2,5,22
NC12642.81,FSC19,13.44,18.2,8,15,42
NC12642.81,FSC19,12.92,8.5,5.6,5,47
NC12642.81,FSC19,7.72,4.78,3.8,15,46
NC12642.81,FSC20,NA,6.45,4.87,10,41
NC12642.81,FSC20,NA,NA,3.8,10,43
NC12642.81,FSC20,NA,NA,1.3,5,42
NC12642.81,WLA20,NA,10.64,10.01001001,15,54
NC12642.81,WLA20,NA,8.47,10.72144289,10,56
NC12642.81,WVA19,2.92,12.21,6.92,5,43
NC12642.81,WVA19,1.84,13.23,5.78,0,48
NC12642.97T,FSC19,11.08,13.67,6.6,15,64
NC12642.97T,FSC19,0.52,0.55,1.6,0,19
NC12753.139,FSC19,34.76,25.57,18.2,25,67
NC12753.139,FSC19,32.88,32.5,24.63,30,NA
NC12753.139,FSC19,14.2,27.24,10.5,15,43
NC12753.139,FSC19,7.84,8.24,4.4,10,33
NC12753.139,WVA19,8.68,19.2,20.9,25,59
NC12753.139,WVA19,2.48,15.68,12.38,10,56
NC13202.128,FSC20,NA,NA,NA,5,37
NC13202.128,WLA20,NA,5.45,8.43373494,15,55
NC13206.360,FSC20,NA,NA,NA,0,37
NC13206.360,WLA20,NA,2.94,5.110220441,5,45
NC13206.40,FSC20,NA,NA,1.7,10,44
NC13206.40,WLA20,NA,5.36,6.106106106,5,54
NC14.23372,FSC19,21.2,22.97,11.9,15,50
NC14.23372,FSC19,14.52,11.98,16.6,10,45
NC14.23372,FSC19,11.56,12.55,9.9,20,74
NC14.23372,WVA19,7.36,14.65,10.13,10,59
NC14.23372,WVA19,1.68,17.58,9.23,15,61
NC15.21787,FSC19,31.84,26.33,8.2,30,81
NC15.21787,FSC19,25.72,26.81,5.9,20,63
NC15.21834,FSC19,12.44,12.5,4.3,5,61
NC15.21834,FSC19,11.92,14.39,2.5,5,60
NC15.21834,FSC19,10.48,15.52,4.1,15,52
NC15.21834,FSC19,9.48,7.17,6.63,10,57
NC15.21834,FSC19,8.72,3.99,3.39,5,72
NC15.21834,FSC20,NA,NA,5.41,5,58
NC15.21834,FSC20,NA,NA,8.45,NA,56
NC15.21834,FSC20,NA,3.68,NA,30,55
NC15.21834,WVA19,8.12,30.3,17.95,25,70
NC15.21834,WVA19,8.04,24.93,19.28,25,57
NC15.21835,FSC19,13.28,6.66,3.9,5,56
NC15.21835,FSC19,13.16,8.74,2.8,10,71
NC15.21835,FSC19,13,7.66,5,10,50
NC15.21835,FSC19,10.72,12.87,7.1,10,55
NC15.21835,FSC20,NA,11.02,1.2,5,57
NC15.21835,FSC20,NA,NA,3.31,30,52
NC15.21835,FSC20,NA,NA,NA,30,53
NC15.21835,FSC20,NA,NA,NA,20,38
NC15.21835,FSC20,NA,NA,NA,15,63
NC15.21835,WLA20,NA,3.4,1.798201798,1,59
NC15.21835,WLA20,NA,2.76,1.898101898,1,53
NC15.21835,WVA19,6.44,13.92,9.62,10,50
NC15.21835,WVA19,3.4,16.91,11,20,55
NC15.21836,FSC19,19.92,16.94,5.1,10,68
NC15.21836,FSC19,18.48,18.08,8.57,20,75
NC15.21836,FSC19,10.72,11.08,3.4,5,47
NC15.21836,FSC19,8.48,6.35,3.7,5,53
NC15.21836,WVA19,6,16.53,10.4,10,44
NC15.21836,WVA19,4.6,30.66,16.67,15,61
NC15.21877,FSC19,18.36,22.73,10.1,20,75
NC15.21877,FSC19,12.36,15.36,5.4,10,64
NC15.21970,FSC20,NA,NA,3,5,36
NC15.21970,WLA20,NA,4.99,5.811623246,5,52
NC15.21970,WLA20,NA,3.27,4.895104895,1,47
NC15V13.26,FSC20,NA,NA,NA,5,36
NC15V13.26,WLA20,NA,6.05,4.028197382,5,53
NC15V15.04,FSC20,NA,NA,3,5,30
NC15V15.04,WLA20,NA,6.08,4.008016032,10,44
NC15V25.20,FSC20,NA,NA,NA,25,34
NC15V25.20,WLA20,NA,4.53,7.135678392,5,48
NC15V26.11,FSC20,NA,NA,6,10,37
NC15V26.11,WLA20,NA,7.07,7.984031936,5,57
NC15V26.19,FSC20,NA,10.67,NA,10,42
NC15V26.19,WLA20,NA,5.37,7,10,41
NC15V31.05,FSC20,NA,NA,1.5,0,15
NC15V31.05,WLA20,NA,3.59,4.929577465,5,38
NC15V39.02,FSC20,NA,NA,NA,10,38
NC15V39.02,WLA20,NA,5.68,15.9,20,62
NC15V41.13,FSC20,NA,0,NA,15,38
NC15V41.13,WLA20,NA,4.06,3.4,5,33
NC16.18146,FSC20,NA,NA,NA,10,26
NC16.18146,WLA20,NA,3.38,2.713567839,1,41
NC16.19349,FSC20,NA,NA,NA,10,50
NC16.19349,WLA20,NA,3.07,1.504513541,5,47
NC16.19449,FSC19,39.16,45.87,28.6,30,74
NC16.19449,FSC19,8.48,19.06,4.4,10,49
NC16.19449,FSC20,NA,NA,4.9,15,41
NC16.19449,FSC20,NA,NA,2.44,10,42
NC16.19449,FSC20,NA,NA,NA,15,34
NC16.19449,WLA20,NA,8.12,11.31131131,20,74
NC16.19449,WLA20,NA,11.75,10.23069208,25,69
NC17.20510,FSC20,NA,NA,NA,5,46
NC17.20510,WLA20,NA,3.78,3.803803804,5,50
NC17.20511,FSC20,NA,NA,NA,20,39
NC17.20511,WLA20,NA,5.38,5.205205205,5,48
P26R41,FSC19,30.68,32.78,9.4,20,68
P26R41,FSC19,27.28,23.82,5.6,10,81
P26R41,FSC19,23.6,16.98,10.5,20,69
P26R41,FSC19,15.68,13.77,7.7,15,55
P26R41,FSC20,NA,NA,2.3,45,56
P26R41,FSC20,NA,NA,NA,55,68
P26R41,FSC20,NA,NA,NA,25,55
P26R41,FSC20,NA,NA,NA,15,52
P26R41,WLA20,NA,5.86,5.005005005,10,76
P26R41,WLA20,NA,4.06,5.1,5,71
P26R41,WLA20,NA,5.64,3.503503504,1,68
P26R41,WLA20,NA,6.14,3.212851406,1,62
SAVOY,FSC19,36.36,45.97,42.1,45,51
SAVOY,FSC20,NA,NA,NA,10,NA
SAVOY,WLA20,NA,24.07,18.83767535,40,43
SS8641,FSC19,68.88,76.32,38.4,70,95
SS8641,FSC19,55.48,68.91,41,75,73
SS8641,FSC19,49.16,68.97,39.4,65,70
SS8641,FSC19,20.64,28.92,6.4,15,69
SS8641,FSC20,NA,18.05,1,25,39
SS8641,FSC20,NA,NA,18.11,25,45
SS8641,FSC20,NA,0.9,NA,15,37
SS8641,FSC20,NA,NA,22.4,20,38
SS8641,WLA20,NA,26.64,29.84924623,80,57
SS8641,WLA20,NA,29.1,28.27172827,65,53
SS8641,WLA20,NA,38.78,46.48594378,80,58
SS8641,WVA19,30.2,55.79,43.71,60,76
SS8641,WVA19,13.48,66.17,59.18,65,86
TX15D9253,FSC20,NA,NA,24.3,15,56
TX15D9579,FSC20,NA,1.45,NA,55,57
TX15D9597,FSC20,NA,NA,30,65,59
TX15DDH018,FSC19,17,30.87,7.5,20,55
TX15DDH018,FSC19,10.64,19.53,7.1,10,65
TX15DDH024,FSC19,12.32,23.06,5,15,44
TX15DDH024,FSC19,9,24.74,6.3,10,29
TX15DDH100,FSC19,16.64,29.01,8.5,15,58
TX15DDH100,FSC19,11.88,16.11,6.1,10,53
TX15DDH106,FSC19,39.04,44.74,14.6,30,60
TX15DDH112,FSC19,18.04,27.8,5,10,40
TX15DDH112,FSC19,15.68,14.3,6.6,10,62
TX15DDH112,FSC20,NA,NA,NA,10,25
TX15DDH112,FSC20,NA,NA,NA,10,29
TX15DDH112,WLA20,NA,7.53,3.309929789,1,46
TX15DDH112,WLA20,NA,5.77,2.705410822,1,43
TX16D1012,FSC19,49.6,51.47,26.8,60,84
TX16D1012,FSC19,33.92,16.56,10.1,30,44
TX16D1027,FSC19,28.64,59.58,20.1,40,78
TX16D1027,FSC19,26.72,61.04,16.7,30,67
TX16D1092,FSC19,31,40.23,20.4,55,83
TX16D1092,FSC19,19.76,23.85,12.2,25,68
TX16D1100,FSC19,45.96,53.33,23.5,35,79
TX16D1100,FSC19,41.28,48.82,19.7,50,79
TX16D1349,FSC19,20.52,39.81,13.2,25,53
TX16D1349,FSC19,13.56,21.63,11.3,20,40
TX16D1355,FSC19,55.64,60.11,47.8,50,60
TX16D1355,FSC19,20.24,44.61,16.02,20,NA
TX16D1355,FSC20,NA,NA,NA,45,42
TX16D1355,WLA20,NA,21.36,23.34669339,60,76
TX16D1355,WLA20,NA,16.48,14.24272818,25,65
TX16D1432,FSC19,11.16,22.45,7.9,15,30
TX16D1437,FSC19,17.28,31.2,6.7,20,42
TX16D1528,FSC19,16.04,40.1,9.6,20,51
TX16DDH448,FSC19,18.2,41.43,6.8,25,42
TX16DDH448,FSC20,NA,NA,NA,10,47
TX16DDH448,WLA20,NA,12.79,11.14457831,40,73
TX16DDH448,WLA20,NA,18.76,15.43086172,35,76
TX16DDH579,FSC19,55.32,58.33,63.3,45,88
TX16DDH579,FSC19,42.32,43.01,31.63,30,65
TX16DDH579,FSC20,NA,NA,11.2,5,31
TX16DDH579,FSC20,NA,NA,NA,15,35
TX16DDH579,WLA20,NA,5.72,7.414829659,5,60
TX16DDH579,WLA20,NA,6.28,6.733668342,10,57
TX17D2029,FSC19,50.28,49.13,67.9,40,84
TX17D2029,FSC19,34.92,37.44,24.1,25,58
TX17D2029,FSC20,NA,NA,2.7,20,47
TX17D2029,WLA20,NA,14.49,14.8445336,40,74
TX17D2029,WLA20,NA,19.46,23.05389222,50,73
TX17D2126,FSC19,18.04,27.38,10.7,15,52
TX17D2139,FSC19,18.68,24.53,8.7,20,51
TX17D2139,FSC20,NA,NA,3,15,46
TX17D2139,WLA20,NA,11,16.66666667,45,55
TX17D2139,WLA20,NA,11.25,14.7442327,15,54
TX17D2270,FSC19,31.48,45.29,17,30,68
TX17D2270,FSC19,22.84,37.53,13.6,40,49
TX17D2337,FSC19,32.48,40.16,23.3,30,80
TX17D2337,FSC19,14.04,22.34,12.8,20,41
TX17D2337,FSC20,NA,NA,NA,25,32
TX17D2337,WLA20,NA,6.79,15.73146293,20,60
TX17D2337,WLA20,NA,8.27,6.5,20,62
TX17D2452,FSC19,8.44,21.62,5,10,25
TX17D2452,FSC20,NA,NA,6.7,NA,38
TX17D2452,WLA20,NA,9.72,9.9,25,61
TX17D2452,WLA20,NA,9.42,8.416833667,10,64
TX17D2463,FSC19,47.4,60.85,24,35,76
TX17D2463,FSC19,32.84,50.8,15.3,35,44
TX17D2490,FSC19,NA,36.97,7.23,5,NA
TX17D2490,FSC19,38.72,48.21,21.5,30,53
TX18D3041,FSC20,NA,0.7,NA,20,23
TX18D3041,WLA20,NA,15.76,25.85170341,30,53
TX18D3130,FSC20,NA,NA,NA,5,34
TX18D3130,WLA20,NA,19.72,25.02502503,60,53
TX18D3212,FSC20,NA,NA,16.1,20,33
TX18D3212,WLA20,NA,12.69,13.62725451,15,39
TX18D3220,FSC20,NA,NA,NA,20,55
TX18D3220,WLA20,NA,14.35,21.9,30,56
TX18D3221,FSC20,NA,NA,NA,15,39
TX18D3221,WLA20,NA,24.67,29.22922923,70,64
TX18D3240,FSC20,NA,NA,4.4,30,50
TX18D3240,WLA20,NA,13.33,14.32865731,25,42
TX18D3241,FSC20,NA,NA,2.9,15,49
TX18D3241,WLA20,NA,10.27,14.62925852,15,59
TX18D3243,FSC20,NA,NA,NA,10,49
TX18D3243,WLA20,NA,16.56,16.93386774,30,48
TX18D3250,FSC20,NA,NA,NA,10,39
TX18D3250,WLA20,NA,13.13,12.95180723,20,54
TX18D3256,FSC20,NA,NA,15.5,15,54
TX18D3256,WLA20,NA,31.32,23.11557789,60,66
TX18D3263,FSC20,NA,NA,NA,20,27
TX18D3263,WLA20,NA,18.66,19.38061938,30,49
TX18D3282,FSC20,NA,NA,1,15,36
TX18D3282,WLA20,NA,18.47,21.33599202,25,45
TX18D3289,FSC20,NA,NA,NA,40,60
TX18D3289,WLA20,NA,18.25,21.2,50,51
TX18D3291,FSC20,NA,3.36,NA,10,44
TX18D3291,WLA20,NA,20.28,18.16347124,50,57
TX18D3308,FSC20,NA,NA,1.2,25,51
TX18D3308,WLA20,NA,10.94,12.8256513,10,57
USG3120,FSC20,NA,NA,NA,15,36
VA11MAS2.68.4.1.3,FSC19,17.6,42.29,10.8,20,64
VA11MAS2.68.4.1.3,FSC19,16.36,19.43,7.9,15,52
VA11MAS2.68.4.1.3,FSC19,13.6,12.7,4.5,10,83
VA11MAS2.68.4.1.3,FSC19,13.16,33.85,7.5,25,49
VA11MAS2.68.4.1.3,WVA19,8.88,17.3,9.32,15,39
VA11MAS2.68.4.1.3,WVA19,4.88,21.48,11.42,25,45
VA15W.86,FSC19,17.6,38.79,14.8,20,63
VA15W.86,FSC19,15,26.36,9.4,20,55
VA16W.124,FSC19,24.04,31.03,11,20,54
VA16W.124,FSC19,14.92,25.24,15.6,NA,49
VA16W.202,FSC19,26.52,34.08,15.6,25,65
VA16W.202,FSC19,14.12,22.66,9.6,15,67
VA16W.202,FSC20,NA,NA,NA,5,46
VA17W.176,FSC19,22.4,15.57,9.9,20,51
VA17W.176,FSC19,19.28,31.18,7.4,10,56
VA17W.176,FSC19,18.4,25.82,8.3,20,50
VA17W.176,FSC19,18.16,16.29,9.5,15,67
VA17W.176,FSC20,NA,NA,6.4,15,40
VA17W.176,FSC20,NA,NA,NA,15,34
VA17W.176,WLA20,NA,8.81,9.036144578,10,64
VA17W.176,WLA20,NA,8.62,13.5678392,5,61
VA17W.176,WVA19,7.6,20.83,19.84,20,57
VA17W.176,WVA19,1.76,12.24,6.78,10,46
VA17W.74,FSC19,22.36,24.86,23.8,20,55
VA17W.74,FSC19,20.52,26.01,13.7,20,58
VA17W.74,FSC19,16.44,27.37,8.7,20,70
VA17W.74,FSC20,NA,NA,3,5,36
VA17W.74,FSC20,NA,NA,NA,10,36
VA17W.74,WLA20,NA,9.32,5.782652044,5,60
VA17W.74,WLA20,NA,6.3,8.835341365,5,56
VA17W.74,WVA19,3.84,16.27,11.35,10,40
VA17W.74,WVA19,2.64,17.92,11.94,10,47
VA17W.75,FSC19,17.16,26.06,14.4,20,50
VA17W.75,FSC19,11.08,12.12,6.1,15,52
VA17W.75,FSC19,10.96,16.07,3.4,15,47
VA17W.75,FSC19,0.96,3.83,1,0,43
VA17W.75,WVA19,6.36,8.61,5.52,10,38
VA17W.75,WVA19,2.12,16.17,9.89,15,55
VA18FHB.58,FSC20,NA,8.54,3.28,10,38
VA18FHB.58,FSC20,NA,NA,4.29,10,43